Date,Zone,Area_Type,Water_Supplied,Water_Consumed,Population
,Zone A,Residential,481.49,481.49,50000
,Zone B,Commercial,455.063,455.063,60000
,Zone C,Industrial,482.7492308,482.7492308,70000
,Zone A,Residential,452.66,452.66,50000
,Zone B,Commercial,634.566,634.566,60000
,Zone C,Industrial,458.077,458.077,70000
,Zone A,Residential,452.9833333,452.9833333,50000
,Zone B,Commercial,691.1025,691.1025,60000
,Zone C,Industrial,494.048,494.048,70000
,Zone A,Residential,637.8783333,637.8783333,50000
,Zone B,Commercial,502.875,502.875,60000
,Zone C,Industrial,535.336875,535.336875,70000
,Zone A,Residential,556.4116667,556.4116667,50000
,Zone B,Commercial,505.6286667,505.6286667,60000
,Zone C,Industrial,558.1611111,558.1611111,70000
,Zone A,Residential,565.115,565.115,50000
,Zone B,Commercial,467.3180952,467.3180952,60000
,Zone C,Industrial,477.1978947,477.1978947,70000
,Zone A,Residential,649.13,649.13,50000
,Zone B,Commercial,484.1566667,484.1566667,60000
,Zone C,Industrial,582.008,582.008,70000
,Zone A,Residential,432.4683333,432.4683333,50000
,Zone B,Commercial,523.8810526,523.8810526,60000
,Zone C,Industrial,556.765,556.765,70000
,Zone A,Residential,647.79,647.79,50000
,Zone B,Commercial,545.04,545.04,60000
,Zone C,Industrial,448.229,448.229,70000
,Zone A,Residential,488.0033333,488.0033333,50000
,Zone B,Commercial,540.81,540.81,60000
,Zone C,Industrial,503.8664286,503.8664286,70000
,Zone A,Residential,503.61,503.61,50000
,Zone B,Commercial,438.3757143,438.3757143,60000
,Zone C,Industrial,376.92375,376.92375,70000
,Zone A,Residential,511.38,511.38,50000
,Zone B,Commercial,442.79875,442.79875,60000
,Zone C,Industrial,556.146,556.146,70000
,Zone A,Residential,467.7744444,467.7744444,50000
,Zone B,Commercial,498.1664706,498.1664706,60000
,Zone C,Industrial,426.5841667,426.5841667,70000
,Zone A,Residential,538.1064286,538.1064286,50000
,Zone B,Commercial,521.4066667,521.4066667,60000
,Zone C,Industrial,446.722,446.722,70000
,Zone A,Residential,626.71625,626.71625,50000
,Zone B,Commercial,603.2993333,603.2993333,60000
,Zone C,Industrial,548.0716667,548.0716667,70000
,Zone A,Residential,484.79875,484.79875,50000
,Zone B,Commercial,659.4511111,659.4511111,60000
,Zone C,Industrial,477.698125,477.698125,70000
,Zone A,Residential,207.795,207.795,50000
,Zone B,Commercial,644.005,644.005,60000
,Zone C,Industrial,535.3028571,535.3028571,70000
,Zone A,Residential,639.0090909,639.0090909,50000
,Zone B,Commercial,433.875,433.875,60000
,Zone C,Industrial,613.36,613.36,70000
,Zone A,Residential,511.8836364,511.8836364,50000
,Zone B,Commercial,560.6266667,560.6266667,60000
,Zone C,Industrial,781.3428571,781.3428571,70000
,Zone A,Residential,642.8583333,642.8583333,50000
,Zone B,Commercial,665.5016667,665.5016667,60000
,Zone C,Industrial,498.7066667,498.7066667,70000
,Zone A,Residential,337.0366667,337.0366667,50000
,Zone B,Commercial,483.5825,483.5825,60000
,Zone C,Industrial,469.025,469.025,70000
,Zone A,Residential,562.74125,562.74125,50000
,Zone B,Commercial,559.112,559.112,60000
,Zone C,Industrial,574.5815385,574.5815385,70000
,Zone A,Residential,501.7923077,501.7923077,50000
,Zone B,Commercial,574.563,574.563,60000
,Zone C,Industrial,287.1566667,287.1566667,70000
,Zone A,Residential,497.8663636,497.8663636,50000
,Zone B,Commercial,553.0541176,553.0541176,60000
,Zone C,Industrial,457.14,457.14,70000
,Zone A,Residential,417.748,417.748,50000
,Zone B,Commercial,688.2325,688.2325,60000
,Zone C,Industrial,417.18875,417.18875,70000
,Zone A,Residential,382.5146154,382.5146154,50000
,Zone B,Commercial,336.8311111,336.8311111,60000
,Zone C,Industrial,523.434,523.434,70000
,Zone A,Residential,346.3242857,346.3242857,50000
,Zone B,Commercial,397.045,397.045,60000
,Zone C,Industrial,511.832,511.832,70000
,Zone A,Residential,748.4233333,748.4233333,50000
,Zone B,Commercial,572.6066667,572.6066667,60000
,Zone C,Industrial,522.7742857,522.7742857,70000
,Zone A,Residential,361.4271429,361.4271429,50000
,Zone B,Commercial,532.35,532.35,60000
,Zone C,Industrial,538.9313333,538.9313333,70000
,Zone A,Residential,478.68375,478.68375,50000
,Zone B,Commercial,460.666,460.666,60000
,Zone C,Industrial,563.8890909,563.8890909,70000
,Zone A,Residential,367.232,367.232,50000
,Zone B,Commercial,568.3621053,568.3621053,60000
,Zone C,Industrial,386.1366667,386.1366667,70000
,Zone A,Residential,563.8364286,563.8364286,50000
,Zone B,Commercial,545.6142857,545.6142857,60000
,Zone C,Industrial,445.1363636,445.1363636,70000
,Zone A,Residential,597.2784615,597.2784615,50000
,Zone B,Commercial,470.68,470.68,60000
,Zone C,Industrial,653.7088889,653.7088889,70000
,Zone A,Residential,476.976875,476.976875,50000
,Zone B,Commercial,681.0283333,681.0283333,60000
,Zone C,Industrial,611.81,611.81,70000
,Zone A,Residential,440.7053846,440.7053846,50000
,Zone B,Commercial,560.2175,560.2175,60000
,Zone C,Industrial,798.418,798.418,70000
,Zone A,Residential,561.7107692,561.7107692,50000
,Zone B,Commercial,455.5545455,455.5545455,60000
,Zone C,Industrial,462.5009091,462.5009091,70000
,Zone A,Residential,558.4945455,558.4945455,50000
,Zone B,Commercial,383.6785714,383.6785714,60000
,Zone C,Industrial,557.6533333,557.6533333,70000
,Zone A,Residential,578.89,578.89,50000
,Zone B,Commercial,542.623,542.623,60000
,Zone C,Industrial,543.57,543.57,70000
,Zone A,Residential,624.3155556,624.3155556,50000
,Zone B,Commercial,347.4677778,347.4677778,60000
,Zone C,Industrial,524.2093333,524.2093333,70000
,Zone A,Residential,525.1928571,525.1928571,50000
,Zone B,Commercial,510.1583333,510.1583333,60000
,Zone C,Industrial,607.9222222,607.9222222,70000
,Zone A,Residential,415.4814286,415.4814286,50000
,Zone B,Commercial,436.1333333,436.1333333,60000
,Zone C,Industrial,528.547,528.547,70000
,Zone A,Residential,369.989,369.989,50000
,Zone B,Commercial,507.325,507.325,60000
,Zone C,Industrial,488.93375,488.93375,70000
,Zone A,Residential,521.4983333,521.4983333,50000
,Zone B,Commercial,559.8588889,559.8588889,60000
,Zone C,Industrial,496.7457143,496.7457143,70000
,Zone A,Residential,639.9192308,639.9192308,50000
,Zone B,Commercial,468.018,468.018,60000
,Zone C,Industrial,479.364,479.364,70000
,Zone A,Residential,444.3490909,444.3490909,50000
,Zone B,Commercial,581.205,581.205,60000
,Zone C,Industrial,443.732,443.732,70000
,Zone A,Residential,482.3266667,482.3266667,50000
,Zone B,Commercial,591.6590909,591.6590909,60000
,Zone C,Industrial,574.9869231,574.9869231,70000
,Zone A,Residential,465.4572727,465.4572727,50000
,Zone B,Commercial,595.2475,595.2475,60000
,Zone C,Industrial,606.3277778,606.3277778,70000
,Zone A,Residential,591.9144444,591.9144444,50000
,Zone B,Commercial,462.96,462.96,60000
,Zone C,Industrial,634.2688889,634.2688889,70000
,Zone A,Residential,426.8733333,426.8733333,50000
,Zone B,Commercial,350.044,350.044,60000
,Zone C,Industrial,564.2745455,564.2745455,70000
,Zone A,Residential,474.2736364,474.2736364,50000
,Zone B,Commercial,280.6042857,280.6042857,60000
,Zone C,Industrial,371.2733333,371.2733333,70000
,Zone A,Residential,215.224,215.224,50000
,Zone B,Commercial,646.4285714,646.4285714,60000
,Zone C,Industrial,569.154,569.154,70000
,Zone A,Residential,727.987,727.987,50000
,Zone B,Commercial,436.425,436.425,60000
,Zone C,Industrial,356.9516667,356.9516667,70000
,Zone A,Residential,519.47,519.47,50000
,Zone B,Commercial,603.3772727,603.3772727,60000
,Zone C,Industrial,625.7871429,625.7871429,70000
,Zone A,Residential,129.6366667,129.6366667,50000
,Zone B,Commercial,322.49,322.49,60000
,Zone C,Industrial,613.3222222,613.3222222,70000
,Zone A,Residential,496.1746667,496.1746667,50000
,Zone B,Commercial,373.52,373.52,60000
,Zone C,Industrial,531.3715385,531.3715385,70000
,Zone A,Residential,660.48,660.48,50000
,Zone B,Commercial,528.5615385,528.5615385,60000
,Zone C,Industrial,548.83125,548.83125,70000
,Zone A,Residential,514.1881818,514.1881818,50000
,Zone B,Commercial,531.1414286,531.1414286,60000
,Zone C,Industrial,648.9569231,648.9569231,70000
,Zone A,Residential,425.7872727,425.7872727,50000
,Zone B,Commercial,528.0978571,528.0978571,60000
,Zone C,Industrial,564.022,564.022,70000
,Zone A,Residential,551.2027273,551.2027273,50000
,Zone B,Commercial,422.3925,422.3925,60000
,Zone C,Industrial,478.7561538,478.7561538,70000
,Zone A,Residential,344.7375,344.7375,50000
,Zone B,Commercial,455.10375,455.10375,60000
,Zone C,Industrial,450.94,450.94,70000
,Zone A,Residential,479.3322222,479.3322222,50000
,Zone B,Commercial,603.7157143,603.7157143,60000
,Zone C,Industrial,438.1342857,438.1342857,70000
,Zone A,Residential,629.8133333,629.8133333,50000
,Zone B,Commercial,558.145,558.145,60000
,Zone C,Industrial,525.5208333,525.5208333,70000
,Zone A,Residential,715.1671429,715.1671429,50000
,Zone B,Commercial,598.0823077,598.0823077,60000
,Zone C,Industrial,623.0138462,623.0138462,70000
,Zone A,Residential,500.4377778,500.4377778,50000
,Zone B,Commercial,551.1209091,551.1209091,60000
,Zone C,Industrial,425.52625,425.52625,70000
,Zone A,Residential,628.4944444,628.4944444,50000
,Zone B,Commercial,407.4209091,407.4209091,60000
,Zone C,Industrial,427.826,427.826,70000
,Zone A,Residential,446.3557143,446.3557143,50000
,Zone B,Commercial,442.6990909,442.6990909,60000
,Zone C,Industrial,497.8878571,497.8878571,70000
,Zone A,Residential,451.2883333,451.2883333,50000
,Zone B,Commercial,479.7509091,479.7509091,60000
,Zone C,Industrial,423.4445455,423.4445455,70000
,Zone A,Residential,424.1808333,424.1808333,50000
,Zone B,Commercial,335.6527273,335.6527273,60000
,Zone C,Industrial,500.5683333,500.5683333,70000
,Zone A,Residential,494.8585714,494.8585714,50000
,Zone B,Commercial,340.6314286,340.6314286,60000
,Zone C,Industrial,361.7125,361.7125,70000
,Zone A,Residential,437.59,437.59,50000
,Zone B,Commercial,497.0171429,497.0171429,60000
,Zone C,Industrial,526.372,526.372,70000
,Zone A,Residential,394.0853846,394.0853846,50000
,Zone B,Commercial,513.07,513.07,60000
,Zone C,Industrial,612.3836364,612.3836364,70000
,Zone A,Residential,524.205,524.205,50000
,Zone B,Commercial,398.7266667,398.7266667,60000
,Zone C,Industrial,501.6763636,501.6763636,70000
,Zone A,Residential,648.6128571,648.6128571,50000
,Zone B,Commercial,719.6828571,719.6828571,60000
,Zone C,Industrial,439.709,439.709,70000
,Zone A,Residential,413.0072727,413.0072727,50000
,Zone B,Commercial,558.59875,558.59875,60000
,Zone C,Industrial,463.8866667,463.8866667,70000
,Zone A,Residential,622.5435714,622.5435714,50000
,Zone B,Commercial,559.205,559.205,60000
,Zone C,Industrial,439.8463636,439.8463636,70000
,Zone A,Residential,365.1183333,365.1183333,50000
,Zone B,Commercial,668.278,668.278,60000
,Zone C,Industrial,613.6314286,613.6314286,70000
,Zone A,Residential,446.749,446.749,50000
,Zone B,Commercial,604.7344444,604.7344444,60000
,Zone C,Industrial,482.9130769,482.9130769,70000
,Zone A,Residential,383.605,383.605,50000
,Zone B,Commercial,646.3181818,646.3181818,60000
,Zone C,Industrial,476.8438462,476.8438462,70000
,Zone A,Residential,417.7090909,417.7090909,50000
,Zone B,Commercial,631.625,631.625,60000
,Zone C,Industrial,482.0222222,482.0222222,70000
,Zone A,Residential,574.1427273,574.1427273,50000
,Zone B,Commercial,549.9063636,549.9063636,60000
,Zone C,Industrial,453.4766667,453.4766667,70000
,Zone A,Residential,493.0144444,493.0144444,50000
,Zone B,Commercial,602.21,602.21,60000
,Zone C,Industrial,433.6275,433.6275,70000
,Zone A,Residential,488.0128571,488.0128571,50000
,Zone B,Commercial,586.185,586.185,60000
,Zone C,Industrial,299.4342857,299.4342857,70000
,Zone A,Residential,417.9846154,417.9846154,50000
,Zone B,Commercial,473.964,473.964,60000
,Zone C,Industrial,438.424,438.424,70000
,Zone A,Residential,419.7014286,419.7014286,50000
,Zone B,Commercial,605.2566667,605.2566667,60000
,Zone C,Industrial,549.427,549.427,70000
,Zone A,Residential,499.0583333,499.0583333,50000
,Zone B,Commercial,560.356,560.356,60000
,Zone C,Industrial,437.505,437.505,70000
,Zone A,Residential,456.06,456.06,50000
,Zone B,Commercial,463.24,463.24,60000
,Zone C,Industrial,402.7142857,402.7142857,70000
,Zone A,Residential,392.917,392.917,50000
,Zone B,Commercial,610.65,610.65,60000
,Zone C,Industrial,441.6038462,441.6038462,70000
,Zone A,Residential,559.7,559.7,50000
,Zone B,Commercial,526.375,526.375,60000
,Zone C,Industrial,476.1544444,476.1544444,70000
,Zone A,Residential,536.5088889,536.5088889,50000
,Zone B,Commercial,410.5642857,410.5642857,60000
,Zone C,Industrial,615.8707692,615.8707692,70000
,Zone A,Residential,576.0422222,576.0422222,50000
,Zone B,Commercial,664.3883333,664.3883333,60000
,Zone C,Industrial,582.8723077,582.8723077,70000
,Zone A,Residential,211.8166667,211.8166667,50000
,Zone B,Commercial,423.3775,423.3775,60000
,Zone C,Industrial,615.154,615.154,70000
,Zone A,Residential,345.694,345.694,50000
,Zone B,Commercial,622.3766667,622.3766667,60000
,Zone C,Industrial,529.0325,529.0325,70000
,Zone A,Residential,471.7709091,471.7709091,50000
,Zone B,Commercial,279.071,279.071,60000
,Zone C,Industrial,504.06625,504.06625,70000
,Zone A,Residential,524.3077778,524.3077778,50000
,Zone B,Commercial,511.0575,511.0575,60000
,Zone C,Industrial,447.81,447.81,70000
,Zone A,Residential,527.2194118,527.2194118,50000
,Zone B,Commercial,481.4027273,481.4027273,60000
,Zone C,Industrial,390.4118182,390.4118182,70000
,Zone A,Residential,382.29375,382.29375,50000
,Zone B,Commercial,495.2055556,495.2055556,60000
,Zone C,Industrial,500.088,500.088,70000
,Zone A,Residential,403.5377778,403.5377778,50000
,Zone B,Commercial,546.7514286,546.7514286,60000
,Zone C,Industrial,470.1977778,470.1977778,70000
,Zone A,Residential,385.3891667,385.3891667,50000
,Zone B,Commercial,527.1433333,527.1433333,60000
,Zone C,Industrial,654.6228571,654.6228571,70000
,Zone A,Residential,480.0157143,480.0157143,50000
,Zone B,Commercial,558.9775,558.9775,60000
,Zone C,Industrial,533.3408333,533.3408333,70000
,Zone A,Residential,497.698,497.698,50000
,Zone B,Commercial,504.0633333,504.0633333,60000
,Zone C,Industrial,452.5793333,452.5793333,70000
,Zone A,Residential,544.9992308,544.9992308,50000
,Zone B,Commercial,629.2133333,629.2133333,60000
,Zone C,Industrial,487.186,487.186,70000
,Zone A,Residential,562.341,562.341,50000
,Zone B,Commercial,555.15,555.15,60000
,Zone C,Industrial,427.98375,427.98375,70000
,Zone A,Residential,614.04,614.04,50000
,Zone B,Commercial,552.641,552.641,60000
,Zone C,Industrial,608.3666667,608.3666667,70000
,Zone A,Residential,472.67,472.67,50000
,Zone B,Commercial,375.48,375.48,60000
,Zone C,Industrial,458.4714286,458.4714286,70000
,Zone A,Residential,542.8113333,542.8113333,50000
,Zone B,Commercial,438.0286667,438.0286667,60000
,Zone C,Industrial,612.64,612.64,70000
,Zone A,Residential,477.5316667,477.5316667,50000
,Zone B,Commercial,460.515,460.515,60000
,Zone C,Industrial,382.3328571,382.3328571,70000
,Zone A,Residential,490.7214286,490.7214286,50000
,Zone B,Commercial,353.8,353.8,60000
,Zone C,Industrial,520.475,520.475,70000
,Zone A,Residential,373.5907143,373.5907143,50000
,Zone B,Commercial,462.4533333,462.4533333,60000
,Zone C,Industrial,481.7191667,481.7191667,70000
,Zone A,Residential,500.365,500.365,50000
,Zone B,Commercial,564.14,564.14,60000
,Zone C,Industrial,513.409375,513.409375,70000
,Zone A,Residential,417.751,417.751,50000
,Zone B,Commercial,412.5475,412.5475,60000
,Zone C,Industrial,581.548,581.548,70000
,Zone A,Residential,559.8663636,559.8663636,50000
,Zone B,Commercial,522.38,522.38,60000
,Zone C,Industrial,537.9625,537.9625,70000
,Zone A,Residential,583.41,583.41,50000
,Zone B,Commercial,551.8958333,551.8958333,60000
,Zone C,Industrial,572.7577778,572.7577778,70000
,Zone A,Residential,504.4675,504.4675,50000
,Zone B,Commercial,584.7355556,584.7355556,60000
,Zone C,Industrial,434.90125,434.90125,70000
,Zone A,Residential,538.3664286,538.3664286,50000
,Zone B,Commercial,566.239,566.239,60000
,Zone C,Industrial,349.9291667,349.9291667,70000
,Zone A,Residential,616.3827273,616.3827273,50000
,Zone B,Commercial,445.1072727,445.1072727,60000
,Zone C,Industrial,355.0575,355.0575,70000
,Zone A,Residential,538.07,538.07,50000
,Zone B,Commercial,468.4475,468.4475,60000
,Zone C,Industrial,586.4778571,586.4778571,70000
,Zone A,Residential,604.98,604.98,50000
,Zone B,Commercial,555.2485714,555.2485714,60000
,Zone C,Industrial,564.89625,564.89625,70000
,Zone A,Residential,483.8183333,483.8183333,50000
,Zone B,Commercial,552.5666667,552.5666667,60000
,Zone C,Industrial,438.2535714,438.2535714,70000
,Zone A,Residential,646.9521429,646.9521429,50000
,Zone B,Commercial,429.7353846,429.7353846,60000
,Zone C,Industrial,448.46625,448.46625,70000
,Zone A,Residential,502.8681818,502.8681818,50000
,Zone B,Commercial,620.5025,620.5025,60000
,Zone C,Industrial,420.5491667,420.5491667,70000
,Zone A,Residential,488.0433333,488.0433333,50000
,Zone B,Commercial,372.46125,372.46125,60000
,Zone C,Industrial,427.9308333,427.9308333,70000
,Zone A,Residential,661.917,661.917,50000
,Zone B,Commercial,514.5023077,514.5023077,60000
,Zone C,Industrial,524.78,524.78,70000
,Zone A,Residential,557.4922222,557.4922222,50000
,Zone B,Commercial,565.166,565.166,60000
,Zone C,Industrial,545.2209091,545.2209091,70000
,Zone A,Residential,413.9891667,413.9891667,50000
,Zone B,Commercial,467.1546154,467.1546154,60000
,Zone C,Industrial,406.2183333,406.2183333,70000
,Zone A,Residential,442.7411111,442.7411111,50000
,Zone B,Commercial,538.969,538.969,60000
,Zone C,Industrial,509.7363636,509.7363636,70000
,Zone A,Residential,447.87625,447.87625,50000
,Zone B,Commercial,377.975,377.975,60000
,Zone C,Industrial,489.724375,489.724375,70000
,Zone A,Residential,615.355,615.355,50000
,Zone B,Commercial,515.9523077,515.9523077,60000
,Zone C,Industrial,508.275,508.275,70000
,Zone A,Residential,445.814,445.814,50000
,Zone B,Commercial,494.9927273,494.9927273,60000
,Zone C,Industrial,509.604,509.604,70000
,Zone A,Residential,437.711,437.711,50000
,Zone B,Commercial,605.089,605.089,60000
,Zone C,Industrial,397.736,397.736,70000
,Zone A,Residential,563.1541667,563.1541667,50000
,Zone B,Commercial,477.4833333,477.4833333,60000
,Zone C,Industrial,502.602,502.602,70000
,Zone A,Residential,283.8375,283.8375,50000
,Zone B,Commercial,469.8236364,469.8236364,60000
,Zone C,Industrial,485.455,485.455,70000
,Zone A,Residential,446.3971429,446.3971429,50000
,Zone B,Commercial,600.34375,600.34375,60000
,Zone C,Industrial,625.29875,625.29875,70000
,Zone A,Residential,444.8046667,444.8046667,50000
,Zone B,Commercial,583.542,583.542,60000
,Zone C,Industrial,295.234,295.234,70000
,Zone A,Residential,560.786875,560.786875,50000
,Zone B,Commercial,529.145,529.145,60000
,Zone C,Industrial,364.055,364.055,70000
,Zone A,Residential,456.5171429,456.5171429,50000
,Zone B,Commercial,563.675,563.675,60000
,Zone C,Industrial,636.2816667,636.2816667,70000
,Zone A,Residential,425.267,425.267,50000
,Zone B,Commercial,585.9822222,585.9822222,60000
,Zone C,Industrial,446.908125,446.908125,70000
,Zone A,Residential,621.0841667,621.0841667,50000
,Zone B,Commercial,448.882,448.882,60000
,Zone C,Industrial,298.6333333,298.6333333,70000
,Zone A,Residential,436.98,436.98,50000
,Zone B,Commercial,434.72,434.72,60000
,Zone C,Industrial,456.134,456.134,70000
,Zone A,Residential,387.3223077,387.3223077,50000
,Zone B,Commercial,395.4144444,395.4144444,60000
,Zone C,Industrial,408.96,408.96,70000
,Zone A,Residential,441.78125,441.78125,50000
,Zone B,Commercial,554.5890909,554.5890909,60000
,Zone C,Industrial,567.2763636,567.2763636,70000
,Zone A,Residential,475.7216667,475.7216667,50000
,Zone B,Commercial,469.4184615,469.4184615,60000
,Zone C,Industrial,433.9583333,433.9583333,70000
,Zone A,Residential,410.89,410.89,50000
,Zone B,Commercial,546.9825,546.9825,60000
,Zone C,Industrial,621.2653846,621.2653846,70000
,Zone A,Residential,372.417,372.417,50000
,Zone B,Commercial,364.6341667,364.6341667,60000
,Zone C,Industrial,326.1133333,326.1133333,70000
,Zone A,Residential,580.2007143,580.2007143,50000
,Zone B,Commercial,250.2157143,250.2157143,60000
,Zone C,Industrial,238.5777778,238.5777778,70000
,Zone A,Residential,507.527619,507.527619,50000
,Zone B,Commercial,561.0422222,561.0422222,60000
,Zone C,Industrial,588.5592308,588.5592308,70000
,Zone A,Residential,559.4483333,559.4483333,50000
,Zone B,Commercial,656.747,656.747,60000
,Zone C,Industrial,528.5618182,528.5618182,70000
,Zone A,Residential,486.4728571,486.4728571,50000
,Zone B,Commercial,333.6066667,333.6066667,60000
,Zone C,Industrial,519.4166667,519.4166667,70000
,Zone A,Residential,546.485,546.485,50000
,Zone B,Commercial,600.2933333,600.2933333,60000
,Zone C,Industrial,348.3942857,348.3942857,70000
,Zone A,Residential,454.1371429,454.1371429,50000
,Zone B,Commercial,316.5153846,316.5153846,60000
,Zone C,Industrial,494.8125,494.8125,70000
,Zone A,Residential,494.2054545,494.2054545,50000
,Zone B,Commercial,589.718125,589.718125,60000
,Zone C,Industrial,543.2171429,543.2171429,70000
,Zone A,Residential,511.9777778,511.9777778,50000
,Zone B,Commercial,623.7291667,623.7291667,60000
,Zone C,Industrial,553.6775,553.6775,70000
,Zone A,Residential,461.87,461.87,50000
,Zone B,Commercial,325.1322222,325.1322222,60000
,Zone C,Industrial,366.83,366.83,70000
,Zone A,Residential,416.965,416.965,50000
,Zone B,Commercial,413.211875,413.211875,60000
,Zone C,Industrial,573.33,573.33,70000
,Zone A,Residential,332.8966667,332.8966667,50000
,Zone B,Commercial,633.4355556,633.4355556,60000
,Zone C,Industrial,540.5671429,540.5671429,70000
,Zone A,Residential,583.028,583.028,50000
,Zone B,Commercial,470.0369231,470.0369231,60000
,Zone C,Industrial,402.7325,402.7325,70000
,Zone A,Residential,523.8277778,523.8277778,50000
,Zone B,Commercial,394.5872727,394.5872727,60000
,Zone C,Industrial,361.1922222,361.1922222,70000
,Zone A,Residential,628.4711111,628.4711111,50000
,Zone B,Commercial,475.0791667,475.0791667,60000
,Zone C,Industrial,553.333,553.333,70000
,Zone A,Residential,525.818,525.818,50000
,Zone B,Commercial,471.931,471.931,60000
,Zone C,Industrial,519.0361538,519.0361538,70000
,Zone A,Residential,498.77875,498.77875,50000
,Zone B,Commercial,631.304,631.304,60000
,Zone C,Industrial,445.1727273,445.1727273,70000
,Zone A,Residential,606.1272727,606.1272727,50000
,Zone B,Commercial,601.7725,601.7725,60000
,Zone C,Industrial,626.24,626.24,70000
,Zone A,Residential,465.765,465.765,50000
,Zone B,Commercial,444.7588889,444.7588889,60000
,Zone C,Industrial,649.6291667,649.6291667,70000
,Zone A,Residential,548.2515385,548.2515385,50000
,Zone B,Commercial,743.6711111,743.6711111,60000
,Zone C,Industrial,626.2214286,626.2214286,70000
,Zone A,Residential,556.9666667,556.9666667,50000
,Zone B,Commercial,589.28,589.28,60000
,Zone C,Industrial,318.79,318.79,70000
,Zone A,Residential,455.4454545,455.4454545,50000
,Zone B,Commercial,451.5457143,451.5457143,60000
,Zone C,Industrial,502.996,502.996,70000
,Zone A,Residential,431.505,431.505,50000
,Zone B,Commercial,568.125,568.125,60000
,Zone C,Industrial,547.864375,547.864375,70000
,Zone A,Residential,418.097,418.097,50000
,Zone B,Commercial,572.094,572.094,60000
,Zone C,Industrial,440.978,440.978,70000
,Zone A,Residential,566.865,566.865,50000
,Zone B,Commercial,249.485,249.485,60000
1970-01-01 00:00:00.000000001,Zone A,Residential,114.25,114.25,50000
1970-01-01 00:00:00.000000002,Zone B,Commercial,23.62,23.62,60000
1970-01-01 00:00:00.000000003,Zone C,Industrial,173.1,173.1,70000
1970-01-01 00:00:00.000000004,Zone A,Residential,390.73,390.73,50000
1970-01-01 00:00:00.000000005,Zone B,Commercial,106.07,106.07,60000
1970-01-01 00:00:00.000000006,Zone C,Industrial,53.84,53.84,70000
1970-01-01 00:00:00.000000007,Zone A,Residential,285.71,285.71,50000
1970-01-01 00:00:00.000000008,Zone B,Commercial,127.78,127.78,60000
1970-01-01 00:00:00.000000009,Zone C,Industrial,390.23,390.23,70000
1970-01-01 00:00:00.000000010,Zone A,Residential,27.62,27.62,50000
1970-01-01 00:00:00.000000011,Zone B,Commercial,60.42,60.42,60000
1970-01-01 00:00:00.000000012,Zone C,Industrial,136.85,136.85,70000
1970-01-01 00:00:00.000000013,Zone A,Residential,72.75,72.75,50000
1970-01-01 00:00:00.000000014,Zone B,Commercial,225.54,225.54,60000
1970-01-01 00:00:00.000000014,Zone C,Industrial,40.96,40.96,70000
1970-01-01 00:00:00.000000015,Zone A,Residential,145.97,145.97,50000
1970-01-01 00:00:00.000000016,Zone B,Commercial,91.56,91.56,60000
1970-01-01 00:00:00.000000017,Zone C,Industrial,129.52,129.52,70000
1970-01-01 00:00:00.000000018,Zone A,Residential,97.96,97.96,50000
1970-01-01 00:00:00.000000019,Zone B,Commercial,86.78,86.78,60000
1970-01-01 00:00:00.000000020,Zone C,Industrial,69.12,69.12,70000
1970-01-01 00:00:00.000000021,Zone A,Residential,158.48,158.48,50000
1970-01-01 00:00:00.000000022,Zone B,Commercial,75.76,75.76,60000
1970-01-01 00:00:00.000000023,Zone C,Industrial,190.71,190.71,70000
1970-01-01 00:00:00.000000024,Zone A,Residential,240.06,240.06,50000
1970-01-01 00:00:00.000000025,Zone B,Commercial,156.55,156.55,60000
1970-01-01 00:00:00.000000026,Zone C,Industrial,264.97,264.97,70000
1970-01-01 00:00:00.000000027,Zone A,Residential,277.0,277.0,50000
1970-01-01 00:00:00.000000028,Zone B,Commercial,179.32,179.32,60000
1970-01-01 00:00:00.000000029,Zone C,Industrial,129.55,129.55,70000
1970-01-01 00:00:00.000000030,Zone A,Residential,132.02,132.02,50000
1970-01-01 00:00:00.000000031,Zone B,Commercial,56.33,56.33,60000
1970-01-01 00:00:00.000000032,Zone C,Industrial,104.02,104.02,70000
1970-01-01 00:00:00.000000033,Zone A,Residential,59.74,59.74,50000
1970-01-01 00:00:00.000000034,Zone B,Commercial,47.17,47.17,60000
1970-01-01 00:00:00.000000035,Zone C,Industrial,82.07,82.07,70000
1970-01-01 00:00:00.000000036,Zone A,Residential,85.1,85.1,50000
1970-01-01 00:00:00.000000037,Zone B,Commercial,60.53,60.53,60000
1970-01-01 00:00:00.000000038,Zone C,Industrial,132.9,132.9,70000
1970-01-01 00:00:00.000000039,Zone A,Residential,133.01,133.01,50000
1970-01-01 00:00:00.000000040,Zone B,Commercial,0.0,0.0,60000
1970-01-01 00:00:00.000000041,Zone C,Industrial,204.09,204.09,70000
1970-01-01 00:00:00.000000042,Zone A,Residential,106.77,106.77,50000
1970-01-01 00:00:00.000000043,Zone B,Commercial,157.67,157.67,60000
1970-01-01 00:00:00.000000044,Zone C,Industrial,122.21,122.21,70000
1970-01-01 00:00:00.000000045,Zone A,Residential,108.38,108.38,50000
1970-01-01 00:00:00.000000046,Zone B,Commercial,182.14,182.14,60000
1970-01-01 00:00:00.000000047,Zone C,Industrial,79.61,79.61,70000
1970-01-01 00:00:00.000000048,Zone A,Residential,35.95,35.95,50000
1970-01-01 00:00:00.000000049,Zone B,Commercial,95.74,95.74,60000
1970-01-01 00:00:00.000000050,Zone C,Industrial,361.68,361.68,70000
1970-01-01 00:00:00.000000051,Zone A,Residential,129.81,129.81,50000
1970-01-01 00:00:00.000000052,Zone B,Commercial,168.31,168.31,60000
1970-01-01 00:00:00.000000053,Zone C,Industrial,205.69,205.69,70000
1970-01-01 00:00:00.000000054,Zone A,Residential,314.45,314.45,50000
1970-01-01 00:00:00.000000055,Zone B,Commercial,83.79,83.79,60000
1970-01-01 00:00:00.000000056,Zone C,Industrial,225.82,225.82,70000
1970-01-01 00:00:00.000000057,Zone A,Residential,77.16,77.16,50000
1970-01-01 00:00:00.000000058,Zone B,Commercial,151.59,151.59,60000
1970-01-01 00:00:00.000000059,Zone C,Industrial,162.23,162.23,70000
1970-01-01 00:00:00.000000060,Zone A,Residential,96.18,96.18,50000
1970-01-01 00:00:00.000000061,Zone B,Commercial,77.56,77.56,60000
1970-01-01 00:00:00.000000062,Zone C,Industrial,78.46,78.46,70000
1970-01-01 00:00:00.000000063,Zone A,Residential,121.23,121.23,50000
1970-01-01 00:00:00.000000064,Zone B,Commercial,90.22,90.22,60000
1970-01-01 00:00:00.000000065,Zone C,Industrial,159.48,159.48,70000
1970-01-01 00:00:00.000000066,Zone A,Residential,128.47,128.47,50000
1970-01-01 00:00:00.000000067,Zone B,Commercial,178.21,178.21,60000
1970-01-01 00:00:00.000000068,Zone C,Industrial,136.54,136.54,70000
1970-01-01 00:00:00.000000069,Zone A,Residential,237.9,237.9,50000
1970-01-01 00:00:00.000000070,Zone B,Commercial,188.28,188.28,60000
1970-01-01 00:00:00.000000071,Zone C,Industrial,233.8,233.8,70000
1970-01-01 00:00:00.000000072,Zone A,Residential,209.7,209.7,50000
1970-01-01 00:00:00.000000073,Zone B,Commercial,202.67,202.67,60000
1970-01-01 00:00:00.000000074,Zone C,Industrial,154.73,154.73,70000
1970-01-01 00:00:00.000000075,Zone A,Residential,146.31,146.31,50000
1970-01-01 00:00:00.000000076,Zone B,Commercial,118.61,118.61,60000
1970-01-01 00:00:00.000000077,Zone C,Industrial,117.05,117.05,70000
1970-01-01 00:00:00.000000078,Zone A,Residential,120.35,120.35,50000
1970-01-01 00:00:00.000000079,Zone B,Commercial,78.55,78.55,60000
1970-01-01 00:00:00.000000080,Zone C,Industrial,153.01,153.01,70000
1970-01-01 00:00:00.000000081,Zone A,Residential,190.65,190.65,50000
1970-01-01 00:00:00.000000082,Zone B,Commercial,183.68,183.68,60000
1970-01-01 00:00:00.000000083,Zone C,Industrial,48.08,48.08,70000
1970-01-01 00:00:00.000000084,Zone A,Residential,120.59,120.59,50000
1970-01-01 00:00:00.000000085,Zone B,Commercial,320.96,320.96,60000
1970-01-01 00:00:00.000000085,Zone C,Industrial,94.25,94.25,70000
1970-01-01 00:00:00.000000086,Zone A,Residential,159.32,159.32,50000
1970-01-01 00:00:00.000000087,Zone B,Commercial,91.06,91.06,60000
1970-01-01 00:00:00.000000088,Zone C,Industrial,150.25,150.25,70000
1970-01-01 00:00:00.000000089,Zone A,Residential,128.8,128.8,50000
1970-01-01 00:00:00.000000090,Zone B,Commercial,334.22,334.22,60000
1970-01-01 00:00:00.000000091,Zone C,Industrial,94.91,94.91,70000
1970-01-01 00:00:00.000000092,Zone A,Residential,203.15,203.15,50000
1970-01-01 00:00:00.000000093,Zone B,Commercial,263.92,263.92,60000
1970-01-01 00:00:00.000000094,Zone C,Industrial,355.9,355.9,70000
1970-01-01 00:00:00.000000095,Zone A,Residential,59.72,59.72,50000
1970-01-01 00:00:00.000000096,Zone B,Commercial,138.33,138.33,60000
1970-01-01 00:00:00.000000097,Zone C,Industrial,82.68,82.68,70000
1970-01-01 00:00:00.000000098,Zone A,Residential,80.42,80.42,50000
1970-01-01 00:00:00.000000099,Zone B,Commercial,113.56,113.56,60000
1970-01-01 00:00:00.000000100,Zone C,Industrial,166.1,166.1,70000
1970-01-01 00:00:00.000000101,Zone A,Residential,90.58,90.58,50000
1970-01-01 00:00:00.000000102,Zone B,Commercial,98.63,98.63,60000
1970-01-01 00:00:00.000000103,Zone C,Industrial,104.98,104.98,70000
1970-01-01 00:00:00.000000104,Zone A,Residential,69.52,69.52,50000
1970-01-01 00:00:00.000000105,Zone B,Commercial,90.9,90.9,60000
1970-01-01 00:00:00.000000106,Zone C,Industrial,80.77,80.77,70000
1970-01-01 00:00:00.000000107,Zone A,Residential,85.74,85.74,50000
1970-01-01 00:00:00.000000108,Zone B,Commercial,116.34,116.34,60000
1970-01-01 00:00:00.000000109,Zone C,Industrial,108.7,108.7,70000
1970-01-01 00:00:00.000000110,Zone A,Residential,130.95,130.95,50000
1970-01-01 00:00:00.000000111,Zone B,Commercial,223.37,223.37,60000
1970-01-01 00:00:00.000000112,Zone C,Industrial,193.22,193.22,70000
1970-01-01 00:00:00.000000113,Zone A,Residential,122.02,122.02,50000
1970-01-01 00:00:00.000000114,Zone B,Commercial,152.58,152.58,60000
1970-01-01 00:00:00.000000115,Zone C,Industrial,105.45,105.45,70000
1970-01-01 00:00:00.000000116,Zone A,Residential,60.85,60.85,50000
1970-01-01 00:00:00.000000117,Zone B,Commercial,247.99,247.99,60000
1970-01-01 00:00:00.000000118,Zone C,Industrial,98.22,98.22,70000
1970-01-01 00:00:00.000000119,Zone A,Residential,99.6,99.6,50000
1970-01-01 00:00:00.000000120,Zone B,Commercial,62.74,62.74,60000
1970-01-01 00:00:00.000000121,Zone C,Industrial,97.01,97.01,70000
1970-01-01 00:00:00.000000122,Zone A,Residential,86.46,86.46,50000
1970-01-01 00:00:00.000000123,Zone B,Commercial,90.32,90.32,60000
1970-01-01 00:00:00.000000124,Zone C,Industrial,112.02,112.02,70000
1970-01-01 00:00:00.000000125,Zone A,Residential,92.27,92.27,50000
1970-01-01 00:00:00.000000126,Zone B,Commercial,101.94,101.94,60000
1970-01-01 00:00:00.000000127,Zone C,Industrial,129.0,129.0,70000
1970-01-01 00:00:00.000000128,Zone A,Residential,256.96,256.96,50000
1970-01-01 00:00:00.000000129,Zone B,Commercial,335.74,335.74,60000
1970-01-01 00:00:00.000000130,Zone C,Industrial,193.71,193.71,70000
1970-01-01 00:00:00.000000131,Zone A,Residential,112.63,112.63,50000
1970-01-01 00:00:00.000000132,Zone B,Commercial,160.78,160.78,60000
1970-01-01 00:00:00.000000133,Zone C,Industrial,76.8,76.8,70000
1970-01-01 00:00:00.000000134,Zone A,Residential,134.15,134.15,50000
1970-01-01 00:00:00.000000135,Zone B,Commercial,70.16,70.16,60000
1970-01-01 00:00:00.000000136,Zone C,Industrial,127.44,127.44,70000
1970-01-01 00:00:00.000000137,Zone A,Residential,79.12,79.12,50000
1970-01-01 00:00:00.000000138,Zone B,Commercial,52.22,52.22,60000
1970-01-01 00:00:00.000000139,Zone C,Industrial,54.16,54.16,70000
1970-01-01 00:00:00.000000140,Zone A,Residential,170.96,170.96,50000
1970-01-01 00:00:00.000000141,Zone B,Commercial,104.14,104.14,60000
1970-01-01 00:00:00.000000142,Zone C,Industrial,65.28,65.28,70000
1970-01-01 00:00:00.000000143,Zone A,Residential,112.48,112.48,50000
1970-01-01 00:00:00.000000144,Zone B,Commercial,122.14,122.14,60000
1970-01-01 00:00:00.000000145,Zone C,Industrial,198.19,198.19,70000
1970-01-01 00:00:00.000000146,Zone A,Residential,98.06,98.06,50000
1970-01-01 00:00:00.000000147,Zone B,Commercial,106.88,106.88,60000
1970-01-01 00:00:00.000000148,Zone C,Industrial,143.77,143.77,70000
1970-01-01 00:00:00.000000149,Zone A,Residential,158.68,158.68,50000
1970-01-01 00:00:00.000000150,Zone B,Commercial,398.22,398.22,60000
1970-01-01 00:00:00.000000151,Zone C,Industrial,309.19,309.19,70000
1970-01-01 00:00:00.000000152,Zone A,Residential,152.55,152.55,50000
1970-01-01 00:00:00.000000153,Zone B,Commercial,8.28,8.28,60000
1970-01-01 00:00:00.000000153,Zone C,Industrial,164.6,164.6,70000
1970-01-01 00:00:00.000000154,Zone A,Residential,137.45,137.45,50000
1970-01-01 00:00:00.000000155,Zone B,Commercial,88.45,88.45,60000
1970-01-01 00:00:00.000000156,Zone C,Industrial,139.85,139.85,70000
1970-01-01 00:00:00.000000157,Zone A,Residential,136.48,136.48,50000
1970-01-01 00:00:00.000000158,Zone B,Commercial,77.33,77.33,60000
1970-01-01 00:00:00.000000159,Zone C,Industrial,292.22,292.22,70000
1970-01-01 00:00:00.000000160,Zone A,Residential,456.39,456.39,50000
1970-01-01 00:00:00.000000161,Zone B,Commercial,170.02,170.02,60000
1970-01-01 00:00:00.000000162,Zone C,Industrial,175.45,175.45,70000
1970-01-01 00:00:00.000000163,Zone A,Residential,139.75,139.75,50000
1970-01-01 00:00:00.000000164,Zone B,Commercial,102.94,102.94,60000
1970-01-01 00:00:00.000000165,Zone C,Industrial,117.34,117.34,70000
1970-01-01 00:00:00.000000166,Zone A,Residential,118.67,118.67,50000
1970-01-01 00:00:00.000000167,Zone B,Commercial,108.25,108.25,60000
1970-01-01 00:00:00.000000168,Zone C,Industrial,148.22,148.22,70000
1970-01-01 00:00:00.000000169,Zone A,Residential,119.02,119.02,50000
1970-01-01 00:00:00.000000170,Zone B,Commercial,106.02,106.02,60000
1970-01-01 00:00:00.000000171,Zone C,Industrial,192.83,192.83,70000
1970-01-01 00:00:00.000000172,Zone A,Residential,171.58,171.58,50000
1970-01-01 00:00:00.000000173,Zone B,Commercial,137.82,137.82,60000
1970-01-01 00:00:00.000000174,Zone C,Industrial,605.66,605.66,70000
1970-01-01 00:00:00.000000175,Zone A,Residential,294.27,294.27,50000
1970-01-01 00:00:00.000000176,Zone B,Commercial,259.07,259.07,60000
1970-01-01 00:00:00.000000177,Zone C,Industrial,176.45,176.45,70000
1970-01-01 00:00:00.000000178,Zone A,Residential,178.4,178.4,50000
1970-01-01 00:00:00.000000179,Zone B,Commercial,112.08,112.08,60000
1970-01-01 00:00:00.000000180,Zone C,Industrial,117.08,117.08,70000
1970-01-01 00:00:00.000000181,Zone A,Residential,251.3,251.3,50000
1970-01-01 00:00:00.000000182,Zone B,Commercial,176.67,176.67,60000
1970-01-01 00:00:00.000000183,Zone C,Industrial,133.99,133.99,70000
1970-01-01 00:00:00.000000184,Zone A,Residential,302.36,302.36,50000
1970-01-01 00:00:00.000000185,Zone B,Commercial,183.62,183.62,60000
1970-01-01 00:00:00.000000186,Zone C,Industrial,86.44,86.44,70000
1970-01-01 00:00:00.000000187,Zone A,Residential,152.58,152.58,50000
1970-01-01 00:00:00.000000188,Zone B,Commercial,264.83,264.83,60000
1970-01-01 00:00:00.000000189,Zone C,Industrial,360.67,360.67,70000
1970-01-01 00:00:00.000000190,Zone A,Residential,99.93,99.93,50000
1970-01-01 00:00:00.000000191,Zone B,Commercial,159.62,159.62,60000
1970-01-01 00:00:00.000000191,Zone C,Industrial,42.89,42.89,70000
1970-01-01 00:00:00.000000192,Zone A,Residential,338.65,338.65,50000
1970-01-01 00:00:00.000000193,Zone B,Commercial,378.3,378.3,60000
1970-01-01 00:00:00.000000194,Zone C,Industrial,96.53,96.53,70000
1970-01-01 00:00:00.000000195,Zone A,Residential,304.19,304.19,50000
1970-01-01 00:00:00.000000196,Zone B,Commercial,305.91,305.91,60000
1970-01-01 00:00:00.000000197,Zone C,Industrial,142.42,142.42,70000
1970-01-01 00:00:00.000000198,Zone A,Residential,103.98,103.98,50000
1970-01-01 00:00:00.000000001,Zone A,Residential,110.18,110.18,50000
1970-01-01 00:00:00.000000002,Zone B,Commercial,18.95,18.95,60000
1970-01-01 00:00:00.000000003,Zone C,Industrial,169.5,169.5,70000
1970-01-01 00:00:00.000000004,Zone A,Residential,388.3,388.3,50000
1970-01-01 00:00:00.000000005,Zone B,Commercial,106.89,106.89,60000
1970-01-01 00:00:00.000000006,Zone C,Industrial,65.66,65.66,70000
1970-01-01 00:00:00.000000007,Zone A,Residential,289.89,289.89,50000
1970-01-01 00:00:00.000000008,Zone B,Commercial,130.31,130.31,60000
1970-01-01 00:00:00.000000009,Zone C,Industrial,390.71,390.71,70000
1970-01-01 00:00:00.000000010,Zone A,Residential,26.87,26.87,50000
1970-01-01 00:00:00.000000011,Zone B,Commercial,59.51,59.51,60000
1970-01-01 00:00:00.000000012,Zone C,Industrial,129.82,129.82,70000
1970-01-01 00:00:00.000000013,Zone A,Residential,61.51,61.51,50000
1970-01-01 00:00:00.000000014,Zone B,Commercial,213.01,213.01,60000
1970-01-01 00:00:00.000000014,Zone C,Industrial,43.47,43.47,70000
1970-01-01 00:00:00.000000015,Zone A,Residential,138.49,138.49,50000
1970-01-01 00:00:00.000000016,Zone B,Commercial,91.04,91.04,60000
1970-01-01 00:00:00.000000017,Zone C,Industrial,125.57,125.57,70000
1970-01-01 00:00:00.000000018,Zone A,Residential,95.92,95.92,50000
1970-01-01 00:00:00.000000019,Zone B,Commercial,84.67,84.67,60000
1970-01-01 00:00:00.000000020,Zone C,Industrial,69.96,69.96,70000
1970-01-01 00:00:00.000000021,Zone A,Residential,164.3,164.3,50000
1970-01-01 00:00:00.000000022,Zone B,Commercial,78.15,78.15,60000
1970-01-01 00:00:00.000000023,Zone C,Industrial,191.31,191.31,70000
1970-01-01 00:00:00.000000024,Zone A,Residential,246.94,246.94,50000
1970-01-01 00:00:00.000000025,Zone B,Commercial,148.35,148.35,60000
1970-01-01 00:00:00.000000026,Zone C,Industrial,256.1,256.1,70000
1970-01-01 00:00:00.000000027,Zone A,Residential,277.19,277.19,50000
1970-01-01 00:00:00.000000028,Zone B,Commercial,175.17,175.17,60000
1970-01-01 00:00:00.000000029,Zone C,Industrial,131.68,131.68,70000
1970-01-01 00:00:00.000000030,Zone A,Residential,133.41,133.41,50000
1970-01-01 00:00:00.000000031,Zone B,Commercial,56.62,56.62,60000
1970-01-01 00:00:00.000000032,Zone C,Industrial,110.15,110.15,70000
1970-01-01 00:00:00.000000033,Zone A,Residential,61.86,61.86,50000
1970-01-01 00:00:00.000000034,Zone B,Commercial,49.56,49.56,60000
1970-01-01 00:00:00.000000035,Zone C,Industrial,78.35,78.35,70000
1970-01-01 00:00:00.000000036,Zone A,Residential,89.07,89.07,50000
1970-01-01 00:00:00.000000037,Zone B,Commercial,61.0,61.0,60000
1970-01-01 00:00:00.000000038,Zone C,Industrial,134.9,134.9,70000
1970-01-01 00:00:00.000000039,Zone A,Residential,130.5,130.5,50000
1970-01-01 00:00:00.000000040,Zone B,Commercial,0.0,0.0,60000
1970-01-01 00:00:00.000000041,Zone C,Industrial,204.85,204.85,70000
1970-01-01 00:00:00.000000042,Zone A,Residential,109.61,109.61,50000
1970-01-01 00:00:00.000000043,Zone B,Commercial,154.79,154.79,60000
1970-01-01 00:00:00.000000044,Zone C,Industrial,119.93,119.93,70000
1970-01-01 00:00:00.000000045,Zone A,Residential,109.03,109.03,50000
1970-01-01 00:00:00.000000046,Zone B,Commercial,169.07,169.07,60000
1970-01-01 00:00:00.000000047,Zone C,Industrial,79.74,79.74,70000
1970-01-01 00:00:00.000000048,Zone A,Residential,36.43,36.43,50000
1970-01-01 00:00:00.000000049,Zone B,Commercial,97.06,97.06,60000
1970-01-01 00:00:00.000000050,Zone C,Industrial,357.25,357.25,70000
1970-01-01 00:00:00.000000051,Zone A,Residential,128.57,128.57,50000
1970-01-01 00:00:00.000000052,Zone B,Commercial,184.17,184.17,60000
1970-01-01 00:00:00.000000053,Zone C,Industrial,215.8,215.8,70000
1970-01-01 00:00:00.000000054,Zone A,Residential,311.4,311.4,50000
1970-01-01 00:00:00.000000055,Zone B,Commercial,97.57,97.57,60000
1970-01-01 00:00:00.000000056,Zone C,Industrial,225.67,225.67,70000
1970-01-01 00:00:00.000000057,Zone A,Residential,82.29,82.29,50000
1970-01-01 00:00:00.000000058,Zone B,Commercial,152.11,152.11,60000
1970-01-01 00:00:00.000000059,Zone C,Industrial,160.76,160.76,70000
1970-01-01 00:00:00.000000060,Zone A,Residential,96.82,96.82,50000
1970-01-01 00:00:00.000000061,Zone B,Commercial,78.01,78.01,60000
1970-01-01 00:00:00.000000062,Zone C,Industrial,79.08,79.08,70000
1970-01-01 00:00:00.000000063,Zone A,Residential,130.06,130.06,50000
1970-01-01 00:00:00.000000064,Zone B,Commercial,90.74,90.74,60000
1970-01-01 00:00:00.000000065,Zone C,Industrial,156.15,156.15,70000
1970-01-01 00:00:00.000000066,Zone A,Residential,119.06,119.06,50000
1970-01-01 00:00:00.000000067,Zone B,Commercial,175.67,175.67,60000
1970-01-01 00:00:00.000000068,Zone C,Industrial,121.64,121.64,70000
1970-01-01 00:00:00.000000069,Zone A,Residential,240.89,240.89,50000
1970-01-01 00:00:00.000000070,Zone B,Commercial,191.6,191.6,60000
1970-01-01 00:00:00.000000071,Zone C,Industrial,232.06,232.06,70000
1970-01-01 00:00:00.000000072,Zone A,Residential,223.1,223.1,50000
1970-01-01 00:00:00.000000073,Zone B,Commercial,205.34,205.34,60000
1970-01-01 00:00:00.000000074,Zone C,Industrial,154.05,154.05,70000
1970-01-01 00:00:00.000000075,Zone A,Residential,147.15,147.15,50000
1970-01-01 00:00:00.000000076,Zone B,Commercial,113.43,113.43,60000
1970-01-01 00:00:00.000000077,Zone C,Industrial,115.06,115.06,70000
1970-01-01 00:00:00.000000078,Zone A,Residential,116.91,116.91,50000
1970-01-01 00:00:00.000000079,Zone B,Commercial,77.39,77.39,60000
1970-01-01 00:00:00.000000080,Zone C,Industrial,154.14,154.14,70000
1970-01-01 00:00:00.000000081,Zone A,Residential,201.94,201.94,50000
1970-01-01 00:00:00.000000082,Zone B,Commercial,164.22,164.22,60000
1970-01-01 00:00:00.000000083,Zone C,Industrial,41.13,41.13,70000
1970-01-01 00:00:00.000000084,Zone A,Residential,108.06,108.06,50000
1970-01-01 00:00:00.000000085,Zone B,Commercial,315.64,315.64,60000
1970-01-01 00:00:00.000000085,Zone C,Industrial,85.34,85.34,70000
1970-01-01 00:00:00.000000086,Zone A,Residential,159.59,159.59,50000
1970-01-01 00:00:00.000000087,Zone B,Commercial,92.28,92.28,60000
1970-01-01 00:00:00.000000088,Zone C,Industrial,144.95,144.95,70000
1970-01-01 00:00:00.000000089,Zone A,Residential,128.5,128.5,50000
1970-01-01 00:00:00.000000090,Zone B,Commercial,315.13,315.13,60000
1970-01-01 00:00:00.000000091,Zone C,Industrial,106.47,106.47,70000
1970-01-01 00:00:00.000000092,Zone A,Residential,212.2,212.2,50000
1970-01-01 00:00:00.000000093,Zone B,Commercial,244.68,244.68,60000
1970-01-01 00:00:00.000000094,Zone C,Industrial,359.08,359.08,70000
1970-01-01 00:00:00.000000095,Zone A,Residential,62.17,62.17,50000
1970-01-01 00:00:00.000000096,Zone B,Commercial,147.62,147.62,60000
1970-01-01 00:00:00.000000097,Zone C,Industrial,85.35,85.35,70000
1970-01-01 00:00:00.000000098,Zone A,Residential,80.88,80.88,50000
1970-01-01 00:00:00.000000099,Zone B,Commercial,115.42,115.42,60000
1970-01-01 00:00:00.000000100,Zone C,Industrial,167.03,167.03,70000
1970-01-01 00:00:00.000000101,Zone A,Residential,91.52,91.52,50000
1970-01-01 00:00:00.000000102,Zone B,Commercial,94.52,94.52,60000
1970-01-01 00:00:00.000000103,Zone C,Industrial,101.04,101.04,70000
1970-01-01 00:00:00.000000104,Zone A,Residential,65.18,65.18,50000
1970-01-01 00:00:00.000000105,Zone B,Commercial,103.89,103.89,60000
1970-01-01 00:00:00.000000106,Zone C,Industrial,83.2,83.2,70000
1970-01-01 00:00:00.000000107,Zone A,Residential,91.37,91.37,50000
1970-01-01 00:00:00.000000108,Zone B,Commercial,120.23,120.23,60000
1970-01-01 00:00:00.000000109,Zone C,Industrial,112.04,112.04,70000
1970-01-01 00:00:00.000000110,Zone A,Residential,132.59,132.59,50000
1970-01-01 00:00:00.000000111,Zone B,Commercial,222.78,222.78,60000
1970-01-01 00:00:00.000000112,Zone C,Industrial,211.73,211.73,70000
1970-01-01 00:00:00.000000113,Zone A,Residential,116.07,116.07,50000
1970-01-01 00:00:00.000000114,Zone B,Commercial,145.99,145.99,60000
1970-01-01 00:00:00.000000115,Zone C,Industrial,108.79,108.79,70000
1970-01-01 00:00:00.000000116,Zone A,Residential,63.31,63.31,50000
1970-01-01 00:00:00.000000117,Zone B,Commercial,246.08,246.08,60000
1970-01-01 00:00:00.000000118,Zone C,Industrial,97.94,97.94,70000
1970-01-01 00:00:00.000000119,Zone A,Residential,99.63,99.63,50000
1970-01-01 00:00:00.000000120,Zone B,Commercial,63.8,63.8,60000
1970-01-01 00:00:00.000000121,Zone C,Industrial,102.86,102.86,70000
1970-01-01 00:00:00.000000122,Zone A,Residential,86.29,86.29,50000
1970-01-01 00:00:00.000000123,Zone B,Commercial,87.94,87.94,60000
1970-01-01 00:00:00.000000124,Zone C,Industrial,111.97,111.97,70000
1970-01-01 00:00:00.000000125,Zone A,Residential,87.45,87.45,50000
1970-01-01 00:00:00.000000126,Zone B,Commercial,97.18,97.18,60000
1970-01-01 00:00:00.000000127,Zone C,Industrial,126.05,126.05,70000
1970-01-01 00:00:00.000000128,Zone A,Residential,256.6,256.6,50000
1970-01-01 00:00:00.000000129,Zone B,Commercial,343.03,343.03,60000
1970-01-01 00:00:00.000000130,Zone C,Industrial,197.49,197.49,70000
1970-01-01 00:00:00.000000131,Zone A,Residential,115.1,115.1,50000
1970-01-01 00:00:00.000000132,Zone B,Commercial,156.65,156.65,60000
1970-01-01 00:00:00.000000133,Zone C,Industrial,77.25,77.25,70000
1970-01-01 00:00:00.000000134,Zone A,Residential,127.27,127.27,50000
1970-01-01 00:00:00.000000135,Zone B,Commercial,70.72,70.72,60000
1970-01-01 00:00:00.000000136,Zone C,Industrial,127.19,127.19,70000
1970-01-01 00:00:00.000000137,Zone A,Residential,78.64,78.64,50000
1970-01-01 00:00:00.000000138,Zone B,Commercial,55.3,55.3,60000
1970-01-01 00:00:00.000000139,Zone C,Industrial,55.12,55.12,70000
1970-01-01 00:00:00.000000140,Zone A,Residential,164.93,164.93,50000
1970-01-01 00:00:00.000000141,Zone B,Commercial,107.64,107.64,60000
1970-01-01 00:00:00.000000142,Zone C,Industrial,64.51,64.51,70000
1970-01-01 00:00:00.000000143,Zone A,Residential,114.14,114.14,50000
1970-01-01 00:00:00.000000144,Zone B,Commercial,118.62,118.62,60000
1970-01-01 00:00:00.000000145,Zone C,Industrial,201.83,201.83,70000
1970-01-01 00:00:00.000000146,Zone A,Residential,96.8,96.8,50000
1970-01-01 00:00:00.000000147,Zone B,Commercial,107.64,107.64,60000
1970-01-01 00:00:00.000000148,Zone C,Industrial,140.16,140.16,70000
1970-01-01 00:00:00.000000149,Zone A,Residential,146.47,146.47,50000
1970-01-01 00:00:00.000000150,Zone B,Commercial,366.61,366.61,60000
1970-01-01 00:00:00.000000151,Zone C,Industrial,308.54,308.54,70000
1970-01-01 00:00:00.000000152,Zone A,Residential,150.96,150.96,50000
1970-01-01 00:00:00.000000153,Zone B,Commercial,8.48,8.48,60000
1970-01-01 00:00:00.000000153,Zone C,Industrial,160.81,160.81,70000
1970-01-01 00:00:00.000000154,Zone A,Residential,137.66,137.66,50000
1970-01-01 00:00:00.000000155,Zone B,Commercial,86.09,86.09,60000
1970-01-01 00:00:00.000000156,Zone C,Industrial,137.67,137.67,70000
1970-01-01 00:00:00.000000157,Zone A,Residential,130.22,130.22,50000
1970-01-01 00:00:00.000000158,Zone B,Commercial,71.42,71.42,60000
1970-01-01 00:00:00.000000159,Zone C,Industrial,285.51,285.51,70000
1970-01-01 00:00:00.000000160,Zone A,Residential,472.05,472.05,50000
1970-01-01 00:00:00.000000161,Zone B,Commercial,166.41,166.41,60000
1970-01-01 00:00:00.000000162,Zone C,Industrial,172.75,172.75,70000
1970-01-01 00:00:00.000000163,Zone A,Residential,144.38,144.38,50000
1970-01-01 00:00:00.000000164,Zone B,Commercial,103.06,103.06,60000
1970-01-01 00:00:00.000000165,Zone C,Industrial,112.1,112.1,70000
1970-01-01 00:00:00.000000166,Zone A,Residential,118.55,118.55,50000
1970-01-01 00:00:00.000000167,Zone B,Commercial,104.5,104.5,60000
1970-01-01 00:00:00.000000168,Zone C,Industrial,138.14,138.14,70000
1970-01-01 00:00:00.000000169,Zone A,Residential,113.36,113.36,50000
1970-01-01 00:00:00.000000170,Zone B,Commercial,102.04,102.04,60000
1970-01-01 00:00:00.000000171,Zone C,Industrial,171.88,171.88,70000
1970-01-01 00:00:00.000000172,Zone A,Residential,171.32,171.32,50000
1970-01-01 00:00:00.000000173,Zone B,Commercial,140.99,140.99,60000
1970-01-01 00:00:00.000000174,Zone C,Industrial,601.54,601.54,70000
1970-01-01 00:00:00.000000175,Zone A,Residential,289.2,289.2,50000
1970-01-01 00:00:00.000000176,Zone B,Commercial,255.74,255.74,60000
1970-01-01 00:00:00.000000177,Zone C,Industrial,170.82,170.82,70000
1970-01-01 00:00:00.000000178,Zone A,Residential,177.68,177.68,50000
1970-01-01 00:00:00.000000179,Zone B,Commercial,112.0,112.0,60000
1970-01-01 00:00:00.000000180,Zone C,Industrial,118.92,118.92,70000
1970-01-01 00:00:00.000000181,Zone A,Residential,245.23,245.23,50000
1970-01-01 00:00:00.000000182,Zone B,Commercial,173.6,173.6,60000
1970-01-01 00:00:00.000000183,Zone C,Industrial,136.61,136.61,70000
1970-01-01 00:00:00.000000184,Zone A,Residential,300.18,300.18,50000
1970-01-01 00:00:00.000000185,Zone B,Commercial,183.37,183.37,60000
1970-01-01 00:00:00.000000186,Zone C,Industrial,88.07,88.07,70000
1970-01-01 00:00:00.000000187,Zone A,Residential,153.79,153.79,50000
1970-01-01 00:00:00.000000188,Zone B,Commercial,251.06,251.06,60000
1970-01-01 00:00:00.000000189,Zone C,Industrial,356.78,356.78,70000
1970-01-01 00:00:00.000000190,Zone A,Residential,96.58,96.58,50000
1970-01-01 00:00:00.000000191,Zone B,Commercial,161.38,161.38,60000
1970-01-01 00:00:00.000000191,Zone C,Industrial,45.49,45.49,70000
1970-01-01 00:00:00.000000192,Zone A,Residential,317.07,317.07,50000
1970-01-01 00:00:00.000000193,Zone B,Commercial,362.33,362.33,60000
1970-01-01 00:00:00.000000194,Zone C,Industrial,99.03,99.03,70000
1970-01-01 00:00:00.000000195,Zone A,Residential,290.48,290.48,50000
1970-01-01 00:00:00.000000196,Zone B,Commercial,303.81,303.81,60000
1970-01-01 00:00:00.000000197,Zone C,Industrial,136.72,136.72,70000
1970-01-01 00:00:00.000000198,Zone A,Residential,111.74,111.74,50000
1970-01-01 00:00:00.000000001,Zone A,Residential,105.94,105.94,50000
1970-01-01 00:00:00.000000002,Zone B,Commercial,17.36,17.36,60000
1970-01-01 00:00:00.000000003,Zone C,Industrial,170.31,170.31,70000
1970-01-01 00:00:00.000000004,Zone A,Residential,373.94,373.94,50000
1970-01-01 00:00:00.000000005,Zone B,Commercial,109.87,109.87,60000
1970-01-01 00:00:00.000000006,Zone C,Industrial,64.86,64.86,70000
1970-01-01 00:00:00.000000007,Zone A,Residential,283.04,283.04,50000
1970-01-01 00:00:00.000000008,Zone B,Commercial,132.14,132.14,60000
1970-01-01 00:00:00.000000009,Zone C,Industrial,394.26,394.26,70000
1970-01-01 00:00:00.000000010,Zone A,Residential,27.95,27.95,50000
1970-01-01 00:00:00.000000011,Zone B,Commercial,60.96,60.96,60000
1970-01-01 00:00:00.000000012,Zone C,Industrial,140.35,140.35,70000
1970-01-01 00:00:00.000000013,Zone A,Residential,72.66,72.66,50000
1970-01-01 00:00:00.000000014,Zone B,Commercial,226.05,226.05,60000
1970-01-01 00:00:00.000000014,Zone C,Industrial,40.39,40.39,70000
1970-01-01 00:00:00.000000015,Zone A,Residential,145.33,145.33,50000
1970-01-01 00:00:00.000000016,Zone B,Commercial,93.47,93.47,60000
1970-01-01 00:00:00.000000017,Zone C,Industrial,124.53,124.53,70000
1970-01-01 00:00:00.000000018,Zone A,Residential,97.15,97.15,50000
1970-01-01 00:00:00.000000019,Zone B,Commercial,84.25,84.25,60000
1970-01-01 00:00:00.000000020,Zone C,Industrial,68.37,68.37,70000
1970-01-01 00:00:00.000000021,Zone A,Residential,162.44,162.44,50000
1970-01-01 00:00:00.000000022,Zone B,Commercial,77.88,77.88,60000
1970-01-01 00:00:00.000000023,Zone C,Industrial,193.21,193.21,70000
1970-01-01 00:00:00.000000024,Zone A,Residential,247.77,247.77,50000
1970-01-01 00:00:00.000000025,Zone B,Commercial,104.67,104.67,60000
1970-01-01 00:00:00.000000026,Zone C,Industrial,251.91,251.91,70000
1970-01-01 00:00:00.000000027,Zone A,Residential,281.04,281.04,50000
1970-01-01 00:00:00.000000028,Zone B,Commercial,178.29,178.29,60000
1970-01-01 00:00:00.000000029,Zone C,Industrial,135.35,135.35,70000
1970-01-01 00:00:00.000000030,Zone A,Residential,132.47,132.47,50000
1970-01-01 00:00:00.000000031,Zone B,Commercial,55.29,55.29,60000
1970-01-01 00:00:00.000000032,Zone C,Industrial,113.52,113.52,70000
1970-01-01 00:00:00.000000033,Zone A,Residential,62.38,62.38,50000
1970-01-01 00:00:00.000000034,Zone B,Commercial,47.03,47.03,60000
1970-01-01 00:00:00.000000035,Zone C,Industrial,79.67,79.67,70000
1970-01-01 00:00:00.000000036,Zone A,Residential,90.72,90.72,50000
1970-01-01 00:00:00.000000037,Zone B,Commercial,62.63,62.63,60000
1970-01-01 00:00:00.000000038,Zone C,Industrial,135.48,135.48,70000
1970-01-01 00:00:00.000000039,Zone A,Residential,132.78,132.78,50000
1970-01-01 00:00:00.000000040,Zone B,Commercial,0.0,0.0,60000
1970-01-01 00:00:00.000000041,Zone C,Industrial,210.44,210.44,70000
1970-01-01 00:00:00.000000042,Zone A,Residential,104.97,104.97,50000
1970-01-01 00:00:00.000000043,Zone B,Commercial,152.47,152.47,60000
1970-01-01 00:00:00.000000044,Zone C,Industrial,120.84,120.84,70000
1970-01-01 00:00:00.000000045,Zone A,Residential,110.46,110.46,50000
1970-01-01 00:00:00.000000046,Zone B,Commercial,173.71,173.71,60000
1970-01-01 00:00:00.000000047,Zone C,Industrial,79.19,79.19,70000
1970-01-01 00:00:00.000000048,Zone A,Residential,35.9,35.9,50000
1970-01-01 00:00:00.000000049,Zone B,Commercial,95.45,95.45,60000
1970-01-01 00:00:00.000000050,Zone C,Industrial,349.05,349.05,70000
1970-01-01 00:00:00.000000051,Zone A,Residential,128.08,128.08,50000
1970-01-01 00:00:00.000000052,Zone B,Commercial,173.69,173.69,60000
1970-01-01 00:00:00.000000053,Zone C,Industrial,204.23,204.23,70000
1970-01-01 00:00:00.000000054,Zone A,Residential,305.59,305.59,50000
1970-01-01 00:00:00.000000055,Zone B,Commercial,80.55,80.55,60000
1970-01-01 00:00:00.000000056,Zone C,Industrial,220.61,220.61,70000
1970-01-01 00:00:00.000000057,Zone A,Residential,74.38,74.38,50000
1970-01-01 00:00:00.000000058,Zone B,Commercial,146.83,146.83,60000
1970-01-01 00:00:00.000000059,Zone C,Industrial,153.86,153.86,70000
1970-01-01 00:00:00.000000060,Zone A,Residential,92.31,92.31,50000
1970-01-01 00:00:00.000000061,Zone B,Commercial,78.35,78.35,60000
1970-01-01 00:00:00.000000062,Zone C,Industrial,77.23,77.23,70000
1970-01-01 00:00:00.000000063,Zone A,Residential,123.13,123.13,50000
1970-01-01 00:00:00.000000064,Zone B,Commercial,91.82,91.82,60000
1970-01-01 00:00:00.000000065,Zone C,Industrial,157.28,157.28,70000
1970-01-01 00:00:00.000000066,Zone A,Residential,124.54,124.54,50000
1970-01-01 00:00:00.000000067,Zone B,Commercial,171.57,171.57,60000
1970-01-01 00:00:00.000000068,Zone C,Industrial,127.85,127.85,70000
1970-01-01 00:00:00.000000069,Zone A,Residential,245.23,245.23,50000
1970-01-01 00:00:00.000000070,Zone B,Commercial,195.03,195.03,60000
1970-01-01 00:00:00.000000071,Zone C,Industrial,237.19,237.19,70000
1970-01-01 00:00:00.000000072,Zone A,Residential,214.73,214.73,50000
1970-01-01 00:00:00.000000073,Zone B,Commercial,204.53,204.53,60000
1970-01-01 00:00:00.000000074,Zone C,Industrial,159.3,159.3,70000
1970-01-01 00:00:00.000000075,Zone A,Residential,143.88,143.88,50000
1970-01-01 00:00:00.000000076,Zone B,Commercial,113.7,113.7,60000
1970-01-01 00:00:00.000000077,Zone C,Industrial,116.48,116.48,70000
1970-01-01 00:00:00.000000078,Zone A,Residential,117.48,117.48,50000
1970-01-01 00:00:00.000000079,Zone B,Commercial,76.87,76.87,60000
1970-01-01 00:00:00.000000080,Zone C,Industrial,148.51,148.51,70000
1970-01-01 00:00:00.000000081,Zone A,Residential,197.95,197.95,50000
1970-01-01 00:00:00.000000082,Zone B,Commercial,174.58,174.58,60000
1970-01-01 00:00:00.000000083,Zone C,Industrial,45.43,45.43,70000
1970-01-01 00:00:00.000000084,Zone A,Residential,105.84,105.84,50000
1970-01-01 00:00:00.000000085,Zone B,Commercial,311.86,311.86,60000
1970-01-01 00:00:00.000000085,Zone C,Industrial,76.14,76.14,70000
1970-01-01 00:00:00.000000086,Zone A,Residential,159.4,159.4,50000
1970-01-01 00:00:00.000000087,Zone B,Commercial,92.63,92.63,60000
1970-01-01 00:00:00.000000088,Zone C,Industrial,143.4,143.4,70000
1970-01-01 00:00:00.000000089,Zone A,Residential,128.08,128.08,50000
1970-01-01 00:00:00.000000090,Zone B,Commercial,307.55,307.55,60000
1970-01-01 00:00:00.000000091,Zone C,Industrial,103.66,103.66,70000
1970-01-01 00:00:00.000000092,Zone A,Residential,213.08,213.08,50000
1970-01-01 00:00:00.000000093,Zone B,Commercial,249.69,249.69,60000
1970-01-01 00:00:00.000000094,Zone C,Industrial,353.99,353.99,70000
1970-01-01 00:00:00.000000095,Zone A,Residential,60.82,60.82,50000
1970-01-01 00:00:00.000000096,Zone B,Commercial,144.34,144.34,60000
1970-01-01 00:00:00.000000097,Zone C,Industrial,85.4,85.4,70000
1970-01-01 00:00:00.000000098,Zone A,Residential,79.81,79.81,50000
1970-01-01 00:00:00.000000099,Zone B,Commercial,115.02,115.02,60000
1970-01-01 00:00:00.000000100,Zone C,Industrial,169.71,169.71,70000
1970-01-01 00:00:00.000000101,Zone A,Residential,92.55,92.55,50000
1970-01-01 00:00:00.000000102,Zone B,Commercial,96.29,96.29,60000
1970-01-01 00:00:00.000000103,Zone C,Industrial,106.78,106.78,70000
1970-01-01 00:00:00.000000104,Zone A,Residential,68.36,68.36,50000
1970-01-01 00:00:00.000000105,Zone B,Commercial,93.22,93.22,60000
1970-01-01 00:00:00.000000106,Zone C,Industrial,80.42,80.42,70000
1970-01-01 00:00:00.000000107,Zone A,Residential,86.86,86.86,50000
1970-01-01 00:00:00.000000108,Zone B,Commercial,117.28,117.28,60000
1970-01-01 00:00:00.000000109,Zone C,Industrial,112.21,112.21,70000
1970-01-01 00:00:00.000000110,Zone A,Residential,128.58,128.58,50000
1970-01-01 00:00:00.000000111,Zone B,Commercial,228.57,228.57,60000
1970-01-01 00:00:00.000000112,Zone C,Industrial,198.01,198.01,70000
1970-01-01 00:00:00.000000113,Zone A,Residential,120.95,120.95,50000
1970-01-01 00:00:00.000000114,Zone B,Commercial,147.79,147.79,60000
1970-01-01 00:00:00.000000115,Zone C,Industrial,108.4,108.4,70000
1970-01-01 00:00:00.000000116,Zone A,Residential,62.94,62.94,50000
1970-01-01 00:00:00.000000117,Zone B,Commercial,247.87,247.87,60000
1970-01-01 00:00:00.000000118,Zone C,Industrial,99.45,99.45,70000
1970-01-01 00:00:00.000000119,Zone A,Residential,99.9,99.9,50000
1970-01-01 00:00:00.000000120,Zone B,Commercial,63.41,63.41,60000
1970-01-01 00:00:00.000000121,Zone C,Industrial,97.31,97.31,70000
1970-01-01 00:00:00.000000122,Zone A,Residential,84.03,84.03,50000
1970-01-01 00:00:00.000000123,Zone B,Commercial,87.94,87.94,60000
1970-01-01 00:00:00.000000124,Zone C,Industrial,109.22,109.22,70000
1970-01-01 00:00:00.000000125,Zone A,Residential,91.17,91.17,50000
1970-01-01 00:00:00.000000126,Zone B,Commercial,101.59,101.59,60000
1970-01-01 00:00:00.000000127,Zone C,Industrial,132.96,132.96,70000
1970-01-01 00:00:00.000000128,Zone A,Residential,263.7,263.7,50000
1970-01-01 00:00:00.000000129,Zone B,Commercial,347.06,347.06,60000
1970-01-01 00:00:00.000000130,Zone C,Industrial,195.79,195.79,70000
1970-01-01 00:00:00.000000131,Zone A,Residential,118.56,118.56,50000
1970-01-01 00:00:00.000000132,Zone B,Commercial,164.24,164.24,60000
1970-01-01 00:00:00.000000133,Zone C,Industrial,79.24,79.24,70000
1970-01-01 00:00:00.000000134,Zone A,Residential,122.03,122.03,50000
1970-01-01 00:00:00.000000135,Zone B,Commercial,70.16,70.16,60000
1970-01-01 00:00:00.000000136,Zone C,Industrial,128.92,128.92,70000
1970-01-01 00:00:00.000000137,Zone A,Residential,78.6,78.6,50000
1970-01-01 00:00:00.000000138,Zone B,Commercial,54.69,54.69,60000
1970-01-01 00:00:00.000000139,Zone C,Industrial,53.91,53.91,70000
1970-01-01 00:00:00.000000140,Zone A,Residential,168.55,168.55,50000
1970-01-01 00:00:00.000000141,Zone B,Commercial,107.11,107.11,60000
1970-01-01 00:00:00.000000142,Zone C,Industrial,67.79,67.79,70000
1970-01-01 00:00:00.000000143,Zone A,Residential,116.29,116.29,50000
1970-01-01 00:00:00.000000144,Zone B,Commercial,123.38,123.38,60000
1970-01-01 00:00:00.000000145,Zone C,Industrial,200.9,200.9,70000
1970-01-01 00:00:00.000000146,Zone A,Residential,98.01,98.01,50000
1970-01-01 00:00:00.000000147,Zone B,Commercial,106.07,106.07,60000
1970-01-01 00:00:00.000000148,Zone C,Industrial,138.93,138.93,70000
1970-01-01 00:00:00.000000149,Zone A,Residential,149.21,149.21,50000
1970-01-01 00:00:00.000000150,Zone B,Commercial,383.56,383.56,60000
1970-01-01 00:00:00.000000151,Zone C,Industrial,296.7,296.7,70000
1970-01-01 00:00:00.000000152,Zone A,Residential,146.26,146.26,50000
1970-01-01 00:00:00.000000153,Zone B,Commercial,8.61,8.61,60000
1970-01-01 00:00:00.000000153,Zone C,Industrial,155.41,155.41,70000
1970-01-01 00:00:00.000000154,Zone A,Residential,137.39,137.39,50000
1970-01-01 00:00:00.000000155,Zone B,Commercial,88.69,88.69,60000
1970-01-01 00:00:00.000000156,Zone C,Industrial,142.21,142.21,70000
1970-01-01 00:00:00.000000157,Zone A,Residential,134.76,134.76,50000
1970-01-01 00:00:00.000000158,Zone B,Commercial,75.04,75.04,60000
1970-01-01 00:00:00.000000159,Zone C,Industrial,291.13,291.13,70000
1970-01-01 00:00:00.000000160,Zone A,Residential,454.7,454.7,50000
1970-01-01 00:00:00.000000161,Zone B,Commercial,173.33,173.33,60000
1970-01-01 00:00:00.000000162,Zone C,Industrial,180.96,180.96,70000
1970-01-01 00:00:00.000000163,Zone A,Residential,136.25,136.25,50000
1970-01-01 00:00:00.000000164,Zone B,Commercial,103.42,103.42,60000
1970-01-01 00:00:00.000000165,Zone C,Industrial,114.3,114.3,70000
1970-01-01 00:00:00.000000166,Zone A,Residential,114.71,114.71,50000
1970-01-01 00:00:00.000000167,Zone B,Commercial,104.9,104.9,60000
1970-01-01 00:00:00.000000168,Zone C,Industrial,143.73,143.73,70000
1970-01-01 00:00:00.000000169,Zone A,Residential,117.72,117.72,50000
1970-01-01 00:00:00.000000170,Zone B,Commercial,104.36,104.36,60000
1970-01-01 00:00:00.000000171,Zone C,Industrial,174.98,174.98,70000
1970-01-01 00:00:00.000000172,Zone A,Residential,167.38,167.38,50000
1970-01-01 00:00:00.000000173,Zone B,Commercial,123.25,123.25,60000
1970-01-01 00:00:00.000000174,Zone C,Industrial,575.28,575.28,70000
1970-01-01 00:00:00.000000175,Zone A,Residential,278.25,278.25,50000
1970-01-01 00:00:00.000000176,Zone B,Commercial,250.84,250.84,60000
1970-01-01 00:00:00.000000177,Zone C,Industrial,172.99,172.99,70000
1970-01-01 00:00:00.000000178,Zone A,Residential,170.79,170.79,50000
1970-01-01 00:00:00.000000179,Zone B,Commercial,110.32,110.32,60000
1970-01-01 00:00:00.000000180,Zone C,Industrial,117.42,117.42,70000
1970-01-01 00:00:00.000000181,Zone A,Residential,252.4,252.4,50000
1970-01-01 00:00:00.000000182,Zone B,Commercial,172.77,172.77,60000
1970-01-01 00:00:00.000000183,Zone C,Industrial,133.09,133.09,70000
1970-01-01 00:00:00.000000184,Zone A,Residential,301.99,301.99,50000
1970-01-01 00:00:00.000000185,Zone B,Commercial,180.12,180.12,60000
1970-01-01 00:00:00.000000186,Zone C,Industrial,79.6,79.6,70000
1970-01-01 00:00:00.000000187,Zone A,Residential,148.62,148.62,50000
1970-01-01 00:00:00.000000188,Zone B,Commercial,243.67,243.67,60000
1970-01-01 00:00:00.000000189,Zone C,Industrial,338.09,338.09,70000
1970-01-01 00:00:00.000000190,Zone A,Residential,94.13,94.13,50000
1970-01-01 00:00:00.000000191,Zone B,Commercial,153.21,153.21,60000
1970-01-01 00:00:00.000000191,Zone C,Industrial,42.01,42.01,70000
1970-01-01 00:00:00.000000192,Zone A,Residential,323.23,323.23,50000
1970-01-01 00:00:00.000000193,Zone B,Commercial,354.34,354.34,60000
1970-01-01 00:00:00.000000194,Zone C,Industrial,99.45,99.45,70000
1970-01-01 00:00:00.000000195,Zone A,Residential,283.17,283.17,50000
1970-01-01 00:00:00.000000196,Zone B,Commercial,319.58,319.58,60000
1970-01-01 00:00:00.000000197,Zone C,Industrial,137.59,137.59,70000
1970-01-01 00:00:00.000000198,Zone A,Residential,116.26,116.26,50000
